{"Boruta": {"mae_per_fold": [[50.82922028953888], [52.32441620223917], [48.14403290469328], [68.70511816110435], [59.549496637047405], [53.20864908880546], [53.39137694957342], [62.19431015707439], [59.25614293264326], [57.11716373291551], [50.73452316818188], [52.8429479891157], [46.992407420686185], [70.55053542244015], [58.31106109104178], [54.605847314736636], [53.579191666415134], [64.52001331092592], [58.6566959404676], [59.09478038792324], [49.90058702732165], [50.70086841524107], [46.854409941237876], [69.9604716785948], [57.88983139194295], [54.10830525190302], [52.9944609025039], [62.99492760531322], [60.17435361599841], [56.83888747335655]]}, "FeatBoost-X": {"mae_per_fold": [[55.99683810424392, 48.54478496154876, 47.38108357194843, 49.21839968027604, 49.209266238604584, 48.7573852363627], [52.32441620223917, 48.261394247048266, 48.54734599208994, 48.19529667512248, 48.501949215372974, 48.66421196119649], [50.724195173489555, 42.32938000266824, 43.923901493399796, 43.843581849757875, 43.76324577759435, 43.82919246289713], [61.644993067278186, 59.44402268916836, 58.36705964817663, 59.12230386871951, 58.49085998183239, 56.848771794490744], [51.58223355281702, 51.85300073640176, 53.829625175445315, 53.74512786952809, 53.43324830700811, 53.60224307502922], [56.18499613193719, 50.66698640185811, 47.90305953251447, 48.597389586562706, 48.458440917367845, 48.45848973663553], [62.66834813779588, 58.67760823452147, 59.34285262552829, 59.694293979563845, 59.144255782096955, 58.371468691190856], [57.11716373291551, 50.949254343612715, 52.47840583989978, 50.51360085862327, 50.210521457931286, 49.78651289615732], [57.001827482475804, 47.555193834008605, 46.44308284867228, 48.02031661212859, 47.94140587173716, 47.73213630977322], [52.8429479891157, 48.05960415003023, 49.68022351754662, 49.3086323395543, 49.387695562358495, 49.43224715416466], [50.123864234838486, 43.407738512788136, 45.74624745082126, 43.73165070968512, 43.735529614313265, 42.650876356776074], [62.208470015243805, 59.46445179247679, 58.62030503938797, 61.195871724125006, 60.935256723177645, 58.72241894517228], [51.560251093573314, 52.72361826543567, 56.166663852238884, 57.94069051145216, 57.59667243300243, 56.836026281624704], [53.66379347195765, 49.41200969321539, 46.37661942491323, 46.962567339047084, 46.6268824722275, 46.39756595049003], [62.20081988388104, 56.46187954960441, 58.370980865779956, 59.28806577942218, 57.717133934601065, 57.71557800778442], [59.09478038792324, 53.20498342906246, 53.12946594575456, 54.50044328578196, 54.56887800567636, 54.1970268135353], [55.45849940722656, 47.60379830889269, 47.71493596785662, 48.082824045048326, 47.96129293328065, 48.006614548776085], [50.70086841524107, 47.36727898752262, 48.522719446194536, 48.454585350851325, 48.107360113123704, 48.159353639209186], [49.763220978457305, 45.25324359542232, 46.522663706232386, 44.26460700676305, 44.4441803474606, 44.28871689405715], [62.20829299884993, 59.34704968969854, 59.28681929643927, 60.53876584186653, 60.085262010386685, 60.07515926407618], [54.59439763852217, 51.47268656471076, 54.736870665289665, 54.26770176476566, 53.97657810822229, 53.597726406336115], [55.04059284055063, 50.056290157817465, 49.42635712926978, 50.16176881150677, 49.634125790800255, 49.62316089542879], [63.27316223161292, 56.770112030574346, 58.79103887144406, 56.93222496398195, 57.63432165003858, 57.046977587449625], [56.83888747335655, 52.00952526921489, 51.6069147666359, 52.35842440185502, 52.09272706378309, 51.576165593028605]]}, "RReliefF": {"mae_per_fold": [[50.82922028953888, 48.53791025742574, 49.61671231399423, 49.626162404076595], [51.454059311905134, 48.261394247048266, 48.25855343883529, 48.97359596957968], [48.14403290469328, 42.32938000266824, 43.19379925767417, 42.511351851706564], [68.70511816110435, 59.44402268916836, 60.15169744228238, 61.043541634231595], [59.549496637047405, 53.86692689439389, 52.84976678085093, 53.23976833374338], [53.39137694957342, 50.66698640185811, 48.59162393032652, 48.28872781011551], [59.25614293264326, 52.189957665579485, 55.28971037839465, 51.56415561394553], [50.73452316818188, 47.530729597916526, 48.65593653175921, 47.62583980100813], [50.99580974644621, 48.05960415003024, 49.23529368261555, 49.03512803079646], [46.992407420686185, 43.411647587250116, 44.81818395458417, 43.984656944465726], [70.55053542244015, 59.53421168132184, 59.344011477747536, 58.87694191708458], [58.31106109104178, 55.58022317965342, 53.98445017676097, 56.338145600863974], [53.579191666415134, 49.41200969321539, 48.8720893364055, 48.19933938665189], [58.6566959404676, 51.820208297572954, 52.09340512214342, 51.906055366311506], [49.90058702732165, 47.60379830889269, 49.32717040846972, 48.442863136582815], [51.855492528067984, 47.32836632984068, 49.17494060689536, 48.67986355777317], [46.854409941237876, 45.25324359542232, 44.42086490637042, 44.685622776215865], [69.9604716785948, 59.32239748025504, 59.20423532586946, 60.3328396316391], [57.88983139194295, 57.235491162326866, 55.68739388299502, 55.33587872759367], [52.9944609025039, 50.05629015781745, 47.13567100170067, 45.702873152900736], [60.17435361599841, 51.555482678870426, 51.17421496245476, 52.492306933994]]}, "XGBoost": {"mae_per_fold": [[50.82922028953888, 48.53791025742574], [51.454059311905134, 48.261394247048266], [48.14403290469328, 42.32938000266824], [68.70511816110435, 59.44402268916836], [59.549496637047405, 53.86692689439389], [53.20864908880546, 51.853000736401775], [53.39137694957342, 50.66698640185811], [62.19431015707439, 58.67760823452147], [59.25614293264326, 52.189957665579485], [57.11716373291551, 50.949254343612715], [50.73452316818188, 47.530729597916526], [50.99580974644621, 48.05960415003024], [46.992407420686185, 43.411647587250116], [70.55053542244015, 59.53421168132184], [58.31106109104178, 55.58022317965342], [54.605847314736636, 52.72361826543567], [53.579191666415134, 49.41200969321539], [64.52001331092592, 56.390700538621424], [58.6566959404676, 51.820208297572954], [59.09478038792324, 53.20498342906246], [49.90058702732165, 47.60379830889269], [51.855492528067984, 47.32836632984068], [46.854409941237876, 45.25324359542232], [69.9604716785948, 59.32239748025504], [57.88983139194295, 57.235491162326866], [54.10830525190302, 51.47268656471076], [52.9944609025039, 50.05629015781745], [62.99492760531322, 56.761906034293155], [60.17435361599841, 51.555482678870426], [56.83888747335655, 52.00952526921489]]},